{
  "project_info": {
    "project_number": "2857842547",
    "firebase_url": "https://beauty-home-8193b.firebaseio.com",
    "project_id": "beauty-home-8193b",
    "storage_bucket": "beauty-home-8193b.appspot.com"
  },
  "client": [
    {
      "client_info": {
        "mobilesdk_app_id": "1:2857842547:android:874d04cf256ce45a563706",
        "android_client_info": {
          "package_name": "com.beautyhome_users"
        }
      },
      "oauth_client": [
        {
          "client_id": "2857842547-1thl5ruiuvm2a5jbjdkmnothpv1hchq2.apps.googleusercontent.com",
          "client_type": 1,
          "android_info": {
            "package_name": "com.beautyhome_users",
            "certificate_hash": "d5a963af7fa659154ec95671d00e81045a051106"
          }
        },
        {
          "client_id": "2857842547-9vh8sffdh54t25k03913c3tc59u94pvh.apps.googleusercontent.com",
          "client_type": 3
        }
      ],
      "api_key": [
        {
          "current_key": "AIzaSyB3v_KcB5iosaqRyISf5ZFboWrkJq_P1zQ"
        }
      ],
      "services": {
        "appinvite_service": {
          "other_platform_oauth_client": [
            {
              "client_id": "2857842547-9vh8sffdh54t25k03913c3tc59u94pvh.apps.googleusercontent.com",
              "client_type": 3
            }
          ]
        }
      }
    }
  ],
  "configuration_version": "1"
}